Fullname,Email,Birthday,reg_date,Password,img_profile
Tran Thi Thuy Tien,tien@gmail.com,5/10/2001,10/9/2022,tien123,
Nguyen Van A,a@gmail.com,12/11/2003,5/9/2022,a123,
Le Thi Cam,cam@gmail.com,10/10/2002,5/9/2022,cam123,
Tran Thi Ha,ha@gmail.com,13/07/2000,11/9/2022,ha123,
Phan Trong Nhan,nhan@gmail.com,18/09/2001,15/09/2022,nhan123,
Huynh Cam Hang,hang@gmail.com,12/12/2004,1/9/2022,hang123,
Tran Ngoc Han,han@gmail.com,7/7/2003,3/9/2022,han123,
Tran Minh Anh,anh@gmail.com,18/11/2002,9/9/2022,anh123,
Nguyen Anh Thu,thu@gmail.com,20/08/2002,8/9/2022,thu123,
Tran Gia Bao,bao@gmail.com,26/01/2001,12/9/2022,bao123,
